label	hu-HU	de-CH	nl-BE	es	en	fr	zh	ru	th	tr	id	pt-BR	hr-HR
sales_add_payment	Fiz. hozzÃ¡ad.	Zahlung	Betaal	Agregar Pago	Add Payment	Ajouter Paiement	æ–°å¢žä»˜æ¬¾	Ð”Ð¾Ð±Ð°Ð²Ð¸Ñ‚ÑŒ Ð¾Ð¿Ð»Ð°Ñ‚Ñ‹	à¹€à¸žà¸´à¹ˆà¸¡à¸šà¸´à¸¥	Ã–deme Ekle	TERIMA	Pagar	Dodaj plaÄ‡anje
sales_amount_due	FennmaradÃ³	fÃ¤lliger Betrag	Te betalen	Debe	Amount Due	Somme Due	Amount Due	Amount Due	à¸¢à¸­à¸”à¸•à¹‰à¸­à¸‡à¸Šà¸³à¸£à¸°	Kalan Ã–deme	Kembalian Uang	DiferenÃ§a	Iznos duga
sales_amount_tendered	Ã–sszeg	Erhalten	Ontvangen bedrag	Cantidad Recibida	Amount Tendered	Somme	å·²æ”¶å¸³æ¬¾	Ð¿Ñ€ÐµÐ´Ð»Ð¾Ð¶ÐµÐ½Ð½Ð°Ñ ÑÑƒÐ¼Ð¼Ð°	à¸Šà¸³à¸£à¸°à¹€à¸‚à¹‰à¸²à¸¡à¸²	Ã–denen Tutar	Nilai Pembayaran	A Pagar	PonuÄ‘eni iznos
sales_cancel_sale	MÃ©gsem	Annullieren	Annuleer	Cancelar Venta	Cancel	Annuler la Vente	å–æ¶ˆéŠ·å”®	ÐžÑ‚Ð¼ÐµÐ½Ð¸Ñ‚ÑŒ Ð¿Ñ€Ð¾Ð´Ð°Ð¶Ñƒ	à¸¢à¸à¹€à¸¥à¸´à¸à¸à¸²à¸£à¸‚à¸²à¸¢	Ä°ptal Et	Batalkan Transaksi	Cancelar	OtkaÅ¾i
sales_cash	KÃ©szpÃ©nz	Bar	Contant	Efectivo	Cash	Cash	ç¾é‡‘	Ð½Ð°Ð»Ð¸Ñ‡Ð½Ñ‹Ðµ Ð´ÐµÐ½ÑŒÐ³Ð¸	à¹€à¸‡à¸´à¸™à¸ªà¸”	Nakit	Tunai	Dinheiro	NovÄanice
sales_change_due	VisszajÃ¡rÃ³	Wechselgeld	Wisselgeld terug	Cambio	Change Due	Reste	æ›´æ”¹åˆ°æœŸæ—¥	ÑÐ´Ð°Ñ‡Ð° Ð´Ð¾Ð»Ð¶Ð½Ð¾Ðµ	à¹€à¸‡à¸´à¸™à¸—à¸­à¸™	Para ÃœstÃ¼	Kembalian Uang	Troco	Ostatak
sales_check	Csekk	Scheck	Waardebon	Cheque	Check	Cheque	æ”¯ç¥¨	Ð±Ð°Ð½ÐºÐ¾Ð²ÑÐºÐ¸Ð¹ Ñ‡ÐµÐº	à¹€à¸Šà¹‡à¸„	Ã‡ek	Cek	Cheque	ÄŒek
sales_check_balance	Csekk maradÃ©k	Scheck-Differenz	Waardebon terug	Balance de Cheque	Check remainder	Check remainder	Check remainder	Check remainder	Check remainder	Check remainder	Check remainder	Cheque restante	Ostatak Äeka
sales_comment	Komment	Bemerkung	Commentaar	Comentario	Comment	Commentaire	è©•è«–	ÐºÐ¾Ð¼Ð¼ÐµÐ½Ñ‚Ð¸Ñ€Ð¾Ð²Ð°Ñ‚ÑŒ	à¸«à¸¡à¸²à¸¢à¹€à¸«à¸•à¸¸	Yorum	Catatan	CementÃ¡rio	Komentar
sales_comments	Kommentek	Bemerkungen	Commentaar	Comentarios	Comments	Commentaires	è©•è«–	ÐšÐ¾Ð¼Ð¼ÐµÐ½Ñ‚Ð°Ñ€Ð¸Ð¸	à¸«à¸¡à¸²à¸¢à¹€à¸«à¸•à¸¸	Yorumlar	Keterangan	ComentÃ¡rios	Komentari
sales_complete_sale	EladÃ¡s befej.	Abschliessen	Bevestig	Completar Venta	Complete	Finaliser la Vente	å®ŒæˆéŠ·å”®	Ð—Ð°Ð²ÐµÑ€ÑˆÐ¸Ñ‚ÑŒ Ð¿Ñ€Ð¾Ð´Ð°Ð¶Ñƒ	à¸ˆà¸šà¸à¸²à¸£à¸‚à¸²à¸¢	SatÄ±ÅŸÄ± Tamamla	Entri penjualan	Finalizar	ZavrÅ¡eno
sales_confirm_cancel_sale	Biztos kiÃ¼riti ezt az eladÃ¡st? MINDEGYIK termÃ©k tÃ¶rÃ¶lve lesz.	Wollen Sie diesen Verkauf abschliessen? Alle ArtikeleintrÃ¤ge werden entfernt	Bent u zeker dat u deze aankoop wil verwijderen?	Â¿Seguro(a) de querer limpiar esta venta? Todos los artÃ­culos serÃ¡n limpiados.	Are you sure you want to clear this sale? All items will cleared.	Etes vous sÃ»r(e) de vouloir annuler cette vente?	ä½ ç¢ºå®šè¦æ¸…é™¤æ­¤ç­†éŠ·å”®å–®ï¼Ÿæœ¬å–®å…§çš„æ‰€æœ‰ç”¢å“å°‡è¢«æ¸…é™¤ã€‚	Ð’Ñ‹ ÑƒÐ²ÐµÑ€ÐµÐ½Ñ‹, Ñ‡Ñ‚Ð¾ Ñ…Ð¾Ñ‚Ð¸Ñ‚Ðµ ÑƒÐ´Ð°Ð»Ð¸Ñ‚ÑŒ ÑÑ‚Ñƒ Ð¿Ñ€Ð¾Ð´Ð°Ð¶Ñƒ? Ð’ÑÐµ Ð´ÐµÑ‚Ð°Ð»Ð¸ Ð±ÑƒÐ´ÑƒÑ‚ Ð¾Ñ‡Ð¸Ñ‰ÐµÐ½Ñ‹.	à¹à¸™à¹ˆà¹ƒà¸ˆà¸«à¸£à¸·à¸­à¹„à¸¡à¹ˆà¸—à¸µà¹ˆà¸ˆà¸°à¸¥à¹‰à¸²à¸‡à¸£à¸²à¸¢à¸à¸²à¸£à¸‚à¸²à¸¢? à¸ªà¸´à¸™à¸„à¹‰à¸²à¸—à¸¸à¸à¸­à¸¢à¹ˆà¸²à¸‡à¸ˆà¸°à¸–à¸¹à¸à¸¥à¸šà¸ˆà¸²à¸à¸šà¸­à¸£à¹Œà¸”.	Bu satÄ±ÅŸÄ± iptal etmek istiyor musunuz? TÃ¼m Ã¼rÃ¼nler Ã§Ä±karÄ±lacak.	Anda yakin ingin membatalkan transaksi penjualan ini?  Semua item akan dihapus.	Tem certeza de que deseja apagar esta venda? Todos os itens serÃ£o apagados.	Å½elite li otkazati ovu prodaju? Svi artikli se briÅ¡u.
sales_confirm_delete	Biztos, hogy tÃ¶rli a kijelÃ¶lt Ã©rtÃ©kesitÃ©seket?	Wollen Sie die gewÃ¤hlten AuftrÃ¤ge lÃ¶schen?	Bent u zeker dat u de geselecteerde aankopen wil verwijderen?	Â¿Seguro(a) de querer borrar las ventas seleccionadas?	Are you sure you want to delete the selected sales?	Are you sure you want to delete the selected sales?	Are you sure you want to delete the selected sales?	Are you sure you want to delete the selected sales?	Are you sure you want to delete the selected sales?	Are you sure you want to delete the selected sales?	Are you sure you want to delete the selected sales?	Tem certeza de que deseja excluir as vendas selecionados?	Å½elite li obrisati odabranu prodaju?
sales_credit	HitelkÃ¡rtya	Kreditkarte	Kredietkaart	Tarjeta de CrÃ©dito	Credit Card	Carte de CrÃ©dit	ä¿¡ç”¨å¡	ÐºÑ€ÐµÐ´Ð¸Ñ‚Ð½Ð°Ñ ÐºÐ°Ñ€Ñ‚Ð°	à¹€à¸„à¸£à¸”à¸´à¸•à¸à¸²à¸£à¹Œà¸”	Kredi KartÄ±	Kartu Credit	CartÃ£o CrÃ©dito	Kreditna kartica
sales_customer	VevÅ‘	Kunde	Klant	cliente	Name	Client	å®¢æˆ¶	ÐºÐ»Ð¸ÐµÐ½Ñ‚	à¸¥à¸¹à¸à¸„à¹‰à¸²	MÃ¼ÅŸteri	Pelanggan	Cliente	Kupac
sales_customer_email	VevÅ‘ e-mail	Customer Email	Customer Email	Email	Email	Customer Email	Customer Email	Customer Email	Customer Email	Customer Email	Customer Email	e-mail	e-mail kupca
sales_customer_address	VevÅ‘ cÃ­m	Customer Address	Customer Address	Direccion	Address	Customer Address	Customer Address	Customer Address	Customer Address	Customer Address	Customer Address	EndereÃ§o	Adresa kupca
sales_customer_location	VevÅ‘ hely	Customer Location	Customer Location	Ubicacion	Location	Customer Location	Customer Location	Customer Location	Customer Location	Customer Location	Customer Location	LocalizaÃ§Ã£o	Mjesto kupca
sales_customer_discount	Discount	Discount	Discount	Descuento	Discount	Discount	Discount	Discount	Discount	Discount	Discount	Desconto	Discount
sales_customer_total	Total	Total	Total	Total	Total	Total	Total	Total	Total	Total	Total	Total	Total
sales_date	EladÃ¡s dÃ¡tuma	Datum	Datum	Fecha	Sale Date	Date de Vente	æ—¥æœŸ	Ð§Ð¸ÑÐ»Ð¾	à¸§à¸±à¸™à¸—à¸µà¹ˆà¸‚à¸²à¸¢	SatÄ±ÅŸ Tarihi	Tanggal	Data Venda	Datum prodaje
sales_date_required	Korrekt dÃ¡tumot kell megadnia.	Ein korrektas Datum ist erforderlich	Gelieve een correcte datum in te vullen	Una fecha correcta de ser ingresada	A correct date needs to be filled in	A correct date needs to be filled in	A correct date needs to be filled in	A correct date needs to be filled in	A correct date needs to be filled in	A correct date needs to be filled in	Permintaan Data	A data correta precisa ser preenchida	Morate unijeti ispravan datum
sales_date_type	DÃ¡tum mezÅ‘ kÃ¶telezÅ‘	Datum ist erforderlich	Er moet een correcte datum ingevuld worden	Campo de Fecha es requerido	Date field is required	Date field is required	Date field is required	Date field is required	Date field is required	Date field is required	Jenis Data	Data Ã© requerida	Datum je potreban
sales_debit	BankkÃ¡rtya	Debitkarte	Bancontact	Tarjeta de DÃ©bito	Debit Card	Carte DÃ©bit	ç°½å¸³å¡	Ð”ÐµÐ±ÐµÑ‚Ð¾Ð²Ð°Ñ ÐºÐ°Ñ€Ñ‚Ð°	à¹€à¸”à¸šà¸´à¸•à¸à¸²à¸£à¹Œà¸”	Banka KartÄ±	Kartu Debit	CartÃ£o DÃ©bito	Debitna kartica
sales_delete_confirmation	Biztos, hogy tÃ¶rli ezt az eladÃ¡st? Nem lehet visszavonni!	Wollen Sie diesen Auftrag lÃ¶schen? RÃ¼ckgÃ¤ngig unmÃ¶glich	Bent u zeker dat u deze aankoop wil verwijderen?	Â¿Seguro(a) de querer borrar esta venta? Esta acciÃ³n no se puede deshacer.	Are you sure you want to delete this sale, this action cannot be undone	Etes vous sÃ»r(e) de vouloir supprimer cette vente? Cette opÃ©ration est irrÃ©versible.	ä½ ç¢ºå®šè¦åˆªé™¤æ­¤éŠ·å”®è³‡æ–™ï¼Œé€™å€‹å‹•ä½œä¸èƒ½æ’¤æ¶ˆ	Ð’Ñ‹ ÑƒÐ²ÐµÑ€ÐµÐ½Ñ‹, Ñ‡Ñ‚Ð¾ Ñ…Ð¾Ñ‚Ð¸Ñ‚Ðµ ÑƒÐ´Ð°Ð»Ð¸Ñ‚ÑŒ ÑÑ‚Ñƒ Ð¿Ñ€Ð¾Ð´Ð°Ð¶Ñƒ, ÑÑ‚Ð¾ Ð´ÐµÐ¹ÑÑ‚Ð²Ð¸Ðµ Ð½Ðµ Ð¼Ð¾Ð¶ÐµÑ‚ Ð±Ñ‹Ñ‚ÑŒ Ð¾Ñ‚Ð¼ÐµÐ½ÐµÐ½Ð¾	à¹à¸™à¹ˆà¹ƒà¸ˆà¸«à¸£à¸·à¸­à¹„à¸¡à¹ˆà¸—à¸µà¹ˆà¸ˆà¸°à¸¥à¸šà¸£à¸²à¸¢à¸à¸²à¸£à¸‚à¸²à¸¢à¸™à¸µà¹‰, à¸¥à¸šà¹à¸¥à¹‰à¸§à¹„à¸¡à¹ˆà¸ªà¸²à¸¡à¸²à¸£à¸–à¹€à¸£à¸µà¸¢à¸à¸à¸¥à¸±à¸šà¸„à¸·à¸™à¹ƒà¸”à¹‰	SatÄ±ÅŸÄ± silmek istediÄŸinize emin misiniz, bu iÅŸlem geri alÄ±namaz	Apakah anda yakin ingin menghapus transaksi penjualan ini, Pilihan ini tidak dapat dibatalkan	Tem certeza de que deseja excluir esta venda, esta aÃ§Ã£o nÃ£o pode ser desfeita	Å½elite li obrisati ovu prodaju. Ova akcija ne moÅ¾e se vratiti?
sales_delete_entire_sale	EladÃ¡s tÃ¶rlÃ©se	Auftrag lÃ¶schen	Verwijder	Borrar la venta completa	Delete entire sale	Supprimer Vente	åˆªé™¤å…¨éƒ¨éŠ·å”®è³‡æ–™	Ð£Ð´Ð°Ð»Ð¸Ñ‚ÑŒ Ð²ÑÐµÐ³Ð¾ Ð¿Ñ€Ð¾Ð´Ð°Ð¶Ð¸	à¸¥à¸šà¸à¸²à¸£à¸‚à¸²à¸¢à¸—à¸±à¹‰à¸‡à¸«à¸¡à¸”	SatÄ±ÅŸÄ±n tamamÄ±nÄ± sil	Hapus Transaksi Penjualan	Apagar toda a venda	Obrisati cjelokupnu prodaju
sales_delete_successful	Sikeresen tÃ¶rÃ¶lte az eladÃ¡st	LÃ¶schung erfolgreich	De geselecteerde aanko(o)p(en) werden verwijderd	Has borrado satisfactoriamente una venta	You have successfully deleted a sale	SupprÃ©ssion rÃ©ussie	æ‚¨å·²æˆåŠŸåˆªé™¤éŠ·å”®è³‡æ–™	Ð’Ñ‹ ÑƒÑÐ¿ÐµÑˆÐ½Ð¾ ÑƒÐ´Ð°Ð»ÐµÐ½ Ð¿Ñ€Ð¾Ð´Ð°Ð¶Ðµ	à¸„à¸¸à¸“à¸¥à¸šà¸à¸²à¸£à¸‚à¸²à¸¢à¸ªà¸³à¹€à¸£à¹‡à¸ˆ	SatÄ±ÅŸÄ± sildiniz	Transaksi Penjualan berhasil dihapus	Apagado com sucesso	UspjeÅ¡no ste obrisali prodaju
sales_delete_unsuccessful	SikertelenÃ¼l tÃ¶rÃ¶lte az eladÃ¡st	LÃ¶schung nicht erfolgreich	De geselecteerde aankopen konden niet worden verwijderd.	No he podido borrar la venta satisfactoriamente	You have unsuccessfully deleted a sale	Ã‰chec de suppression	éŠ·å”®è³‡æ–™åˆªé™¤å¤±æ•—	Ð’Ñ‹ Ð±ÐµÐ·ÑƒÑÐ¿ÐµÑˆÐ½Ð¾ ÑƒÐ´Ð°Ð»ÐµÐ½ Ð¿Ñ€Ð¾Ð´Ð°Ð¶Ðµ	à¸„à¸¸à¸“à¸¥à¸šà¸à¸²à¸£à¸‚à¸²à¸¢à¹„à¸¡à¹ˆà¸ªà¸³à¹€à¸£à¹‡à¸ˆ	SatÄ±ÅŸÄ± silemediniz	Transaksi Penjualan tidak berhasil dihapus	Foi excluÃ­do com sucesso uma venda	NeuspjeÅ¡no brisanje prodaje
sales_description_abbrv	MegnevezÃ©s	Bez.	Omschr.	Desc	Desc	Desc	å€’åº	Ð¾Ð¿Ð¸ÑÐ°Ð½Ð¸Ðµ	Desc	TanÄ±m	Deskripsi	Desc.	Opis
sales_discount	Kedv. %	%	%	% Descuento	Disc %	% Remise	æŠ˜æ‰£ %	ÑÐºÐ¸Ð´ÐºÐ° %	à¸ªà¹ˆà¸§à¸™à¸¥à¸” %	Ä°ndirim %	Diskon %	Desc. %	Popust %
sales_discount_included	% kedvezmÃ©ny	Rabatt %	% Korting	% Descuento	% Discount	% Discount	% Discount	% Discount	% Discount	% Discount	% Discount	% Desconto	Popust %
sales_discount	Kedv.	Rabatt	Korting	Descuento	Discount	Discount	Discount	Discount	à¸ªà¹ˆà¸§à¸™à¸¥à¸”	Discount	Discount	Desc.	Popust
sales_discount_short	%	%	%	%	%	%	%	%		%	%	%	%
sales_edit	Szerkeszt	Ã„ndern	Bewerk	Editar	Edit	Ã‰diter	ç·¨è¼¯	Ñ€ÐµÐ´Ð°ÐºÑ‚Ð¸Ñ€Ð¾Ð²Ð°Ñ‚ÑŒ	à¹à¸à¹‰à¹„à¸‚	DÃ¼zenle	Ubah	Editar	Uredi
sales_edit_item	MÃ³dosÃ­t	Ã„ndere Art.	Bewaar	Editar ArtÃ­culo	Edit Item	Ã‰diter Item	ç·¨è¼¯ç”¢å“	Ð ÐµÐ´Ð°ÐºÑ‚Ð¸Ñ€Ð¾Ð²Ð°Ñ‚ÑŒ Ð¢Ð¾Ð²Ð°Ñ€	à¹à¸à¹‰à¹„à¸‚à¸ªà¸´à¸™à¸„à¹‰à¸²	DÃ¼zenle	Ubah Item	Atualizar	Uredi artikal
sales_edit_sale	EladÃ¡s szerkesztÃ©se	Auftrag Ã¤ndern	Bewerk Ticket	Editar Venta	Edit Sale	Ã‰diter Vente	ç·¨è¼¯éŠ·å”®è³‡æ–™	Ð ÐµÐ´Ð°ÐºÑ‚Ð¸Ñ€Ð¾Ð²Ð°Ñ‚ÑŒ Ð¿Ñ€Ð¾Ð´Ð°Ð¶Ð¸	à¹à¸à¹‰à¹„à¸‚à¸à¸²à¸£à¸‚à¸²à¸¢	SatÄ±ÅŸÄ± DÃ¼zenle	Ubah Penjualan	Editar Venda	Uredi prodaju
sales_email_receipt	E-mail nyugta	Quittung per Email	Email Ticket	Enviar Ticket	Email Receipt	Recu par Email	Email éŠ·å”®å–®	Ð¿Ð¾ÑÐ»Ð°Ñ‚ÑŒ ÐºÐ²Ð¸Ñ‚Ð°Ð½Ñ†Ð¸Ñ Ð¿Ð¾ Email	à¸­à¸µà¹€à¸¡à¸¥à¸šà¸´à¸¥	E-Fatura	email Faktur	E-mail Recebido	e-mail potvrde
sales_employee	DolgozÃ³	Mitarbeiter	Werknemer	Empleado	Employee	EmployÃ©	å“¡å·¥	ÑÐ¾Ñ‚Ñ€ÑƒÐ´Ð½Ð¸Ðº	à¸žà¸™à¸±à¸à¸‡à¸²à¸™	Personel	Karyawan	Empregado	Radnik
sales_error_editing_item	TermÃ©k mÃ³dositÃ¡si hiba	Fehler beim Ã„ndern des Artikels	Fout bij bewerken	Error editando artÃ­culo	Error editing item	Ã‰rreur lors de l'Ã©dition	ç·¨è¼¯ç”¢å“éŒ¯èª¤	ÐžÑˆÐ¸Ð±ÐºÐ° Ñ€ÐµÐ´Ð°ÐºÑ‚Ð¸Ñ€Ð¾Ð²Ð°Ð½Ð¸Ñ Ñ‚Ð¾Ð²Ð°Ñ€Ð°	à¹à¸à¹‰à¹„à¸‚à¸ªà¸´à¸™à¸„à¹‰à¸²à¸¥à¹‰à¸¡à¹€à¸«à¸¥à¸§	ÃœrÃ¼n dÃ¼zenleme hatasÄ±	mengubah item salah	Erro editando item	GreÅ¡ka kod ureÄ‘ivanja artikla
sales_find_or_scan_item	TermÃ©k keresÃ©s/scan	Finde/Scanne Artikel	Zoek/Scan Product	Encontrar/Escanear ArtÃ­culo	Find/Scan Item	Trouver/Scanner Item	æŸ¥æ‰¾/æŽƒæå•†å“	ÐÐ°Ð¹Ñ‚Ð¸/Ð¡ÐºÐ°Ð½Ð¸Ñ€Ð¾Ð²Ð°Ñ‚ÑŒ Ð¢Ð¾Ð²Ð°Ñ€Ð°	à¸„à¹‰à¸™à¸«à¸²à¸ªà¸´à¸™à¸„à¹‰à¸²	ÃœrÃ¼n Bul/Oku	Cari/Scan Item	Pesquisar Item	PronaÄ‘i/Skaniraj artikal
sales_find_or_scan_item_or_receipt	TermÃ©k keresÃ©se	Finde/Scanne Artikel oder Quittung	Zoek/Scan Product of Ticket	Encontrar/Escanear ArtÃ­culo o Entrada	Find/Scan Item OR Receipt	Trouver/Scanner Item OU Recu	æŸ¥æ‰¾/æŽƒæç”¢å“æˆ–æ”¶è²¨å–®	ÐÐ°Ð¹Ñ‚Ð¸/Ð¡ÐºÐ°Ð½Ð¸Ñ€Ð¾Ð²Ð°Ñ‚ÑŒ Ð¢Ð¾Ð²Ð°Ñ€Ð° Ð˜Ð›Ð˜ ÐšÐ²Ð¸Ñ‚Ð°Ð½Ñ†Ð¸Ñ	à¸„à¹‰à¸™à¸«à¸²à¸ªà¸´à¸™à¸„à¹‰à¸² à¸«à¸£à¸·à¸­ à¸šà¸´à¸¥	ÃœrÃ¼n yada Fatura Bul/Oku	Cari/Scan Item ATAU Faktur	Produto 	PronaÄ‘i/Skaniraj artikal ili raÄun
sales_giftcard	AjÃ¡ndÃ©k utalvÃ¡ny	Gutschein	Cadeaubon	Tarjeta de Regalo	Gift Card	Carte Cadeau	ç¦®é‡‘åˆ¸	ÐŸÐ¾Ð´Ð°Ñ€Ð¾Ñ‡Ð½Ð°Ñ ÐºÐ°Ñ€Ñ‚Ð°	Gift Card	Hediye Ã‡eki	Gift Card	Cupom	Poklon bon
sales_giftcard_balance	AjÃ¡ndÃ©k utalvÃ¡ny egyenleg	Gutschein Restwert	Cadeaubon Resterend	Balance de Tarjeta de Regalo	Giftcard Balance	Giftcard Balance	Giftcard Balance	Giftcard Balance	Giftcard Balance	Giftcard Balance	Giftcard Balance	BalanÃ§o de CartÃµes presente	Saldo poklon bona
sales_giftcard_number	AjÃ¡ndÃ©k utalvÃ¡ny sorszÃ¡ma	Gutschein Nr.	Cadeaubon nummer	NÃºmero de Tarjeta de Regalo	Gift Card Number	NumÃ©ro de Carte cadeau	ç¦®é‡‘åˆ¸ç·¨è™Ÿ	ÐÐ¾Ð¼ÐµÑ€ Ð¿Ð¾Ð´Ð°Ñ€Ð¾Ñ‡Ð½Ñ‹Ñ… ÐºÐ°Ñ€Ñ‚	à¹€à¸¥à¸‚à¸—à¸µà¹ˆ Gift Card	Hediye Ã‡eki No	Nomor Gift Card	NÃºmero cartÃ£o presente	Poklon bon br.
sales_id	EladÃ¡si s.szÃ¡m	ID	Nummer Verkoop 	ID de Venta	Sale ID	ID Vente	éŠ·å”®ç·¨è™Ÿ	ÐÐ¾Ð¼ÐµÑ€ ÐŸÑ€Ð¾Ð´Ð°Ð¶Ñ‹	à¹€à¸¥à¸‚à¸—à¸µà¹ˆà¸‚à¸²à¸¢	SatÄ±ÅŸ No	ID Penjualan	Venda ID	Prodaja br.
sales_invoice	SzÃ¡mla	Rechnung	Factuur	tarjeta de CrÃ©dito	Invoice	Invoice	Invoice	Invoice	à¹ƒà¸šà¹à¸ˆà¹‰à¸‡à¸«à¸™à¸µà¹‰	Invoice	Invoice	Fatura	Faktura
sales_invoice_confirm	Ez a szÃ¡mla el lesz kÃ¼ldve 	Diese rechnung wird gesendet an	Deze factuur zal verstuurd worden naar	Esta factura sera enviada a	This invoice will be sent to	This invoice will be sent to	This invoice will be sent to	This invoice will be sent to	This invoice will be sent to	This invoice will be sent to	This invoice will be sent to	Esta fatura serÃ¡ enviada para	Poslati fakturu
sales_invoice_enable	SzÃ¡mla elkÃ©szÃ­tÃ©se	Erzeuge Rechnung	Maak Factuur	Crear factura	Create Invoice	Create Invoice	Create Invoice	Create Invoice	à¸­à¸­à¸à¹ƒà¸šà¹à¸ˆà¹‰à¸‡à¸«à¸™à¸µà¹‰	Create Invoice	Create Invoice	Criar Fatura	Napravi fakturu
sales_invoice_filter	SzÃ¡mlÃ¡k	Rechnungen	Facturen	Facturas	Invoices	Invoices	Invoices	Invoices	à¹ƒà¸šà¹à¸ˆà¹‰à¸‡à¸«à¸™à¸µà¹‰	Invoices	Invoices	Faturas	Fakturirati
sales_cash_filter	KÃ©szpÃ©nz	Bar	Contant	Efectivo	Cash	Cash	Cash	Cash	à¹€à¸‡à¸´à¸™à¸ªà¸”	Cash	Cash	Dinheiro	NovÄanice
sales_invoice_no_email	Ennek a vÃ¡sÃ¡rlÃ³nak nincs Ã©rvÃ©nyes email cÃ­me	Dieser Kunde hat keine gÃ¼ltige Email Adresse	Er werd geen email adres gevonden voor deze klant	Este cliente no tiene un email vÃ¡lido	This customer does not have a valid email address	This customer does not have a valid email address	This customer does not have a valid email address	This customer does not have a valid email address	This customer does not have a valid email address	This customer does not have a valid email address	This customer does not have a valid email address	Este cliente nÃ£o tem um endereÃ§o de e-mail vÃ¡lido	Kupac nema ispravan e-mail
sales_invoice_number	SzÃ¡mla #	Rechnungs-Nr.	Factuur #	Factura #	Invoice #	Invoice #	Invoice #	Invoice #	à¹€à¸¥à¸‚à¹ƒà¸šà¹à¸ˆà¹‰à¸‡à¸«à¸™à¸µà¹‰	Invoice #	Nomor Nota	Fatura nÂº	Faktura br.
sales_invoice_number_duplicate	KÃ©rem adjon meg egyedi szÃ¡mla sorszÃ¡mot	Bitte geben Sie eine eindeutige Rechnungsnummer ein	Vul een unieke nummer in	Por favor ingrese un nÃºmero de factura Ãºnico	Please enter an unique invoice number	Please enter an unique invoice number	Please enter an unique invoice number	Please enter an unique invoice number	Please enter an unique invoice number	Please enter an unique invoice number	Nomor Nota Double	Por favor insira um nÃºmero de fatura Ãºnica	Molim unesite jedinstven broj fakture
sales_invoice_sent	SzÃ¡lma elkÃ¼ldve 	Rechnung gesendet an	Factuur verstuurd naar	Factura enviada a	Invoice sent to	Invoice sent to	Invoice sent to	Invoice sent to	Invoice sent to	Invoice sent to	Invoice sent to	Enviar Fatura para	Faktura poslana
sales_invoice_unsent	SzÃ¡mla sikertelen kÃ¼ldÃ©se 	Rechnung nicht gesendet	Fout bij het versturen van factuur naar	Fallo el envio de la factura a	Invoice failed to be sent to	Invoice failed to be sent to	Invoice failed to be sent to	Invoice failed to be sent to	Invoice failed to be sent to	Invoice failed to be sent to	Invoice failed to be sent to	Fatura nÃ£o devem ser enviados para	Faktura nije poslana
sales_invoice_update	ÃšjraszÃ¡mol	Aktualisieren	Hernummer	Actualizar	Recount	Recount	Recount	Recount	à¸„à¸³à¸™à¸§à¸“à¹ƒà¸«à¸¡à¹ˆ	Recount	Recount	Recontagem	Ponovno brojanje
sales_item_insufficient_of_stock	TermÃ©k elÃ©gtelen mennyisÃ©gÃº a raktÃ¡rban.	Artikel hat Unterbestand	Product is niet meer in voorraad	Hay un nÃºmero insuficiente de ArtÃ­culos en existencia	Item is Insufficient of Stock	Stock top faible	ç”¢å“åº«å­˜ä¸è¶³	Ð¢Ð¾Ð²Ð°Ñ€ Ð½ÐµÐ´Ð¾ÑÑ‚Ð°Ñ‚Ð¾Ñ‡Ð½Ð¾ Ð½Ð° ÑÐºÐ»Ð°Ð´Ðµ	à¸ˆà¸³à¸™à¸§à¸™à¸ªà¸´à¸™à¸„à¹‰à¸²à¹„à¸¡à¹ˆà¹€à¸žà¸µà¸¢à¸‡à¸žà¸­	ÃœrÃ¼n StoÄŸu Yetersiz	Stok Item tidak mencukupi	Item insuficiente no estoque	Artikla nema na zalihi
sales_item_name	TermÃ©k neve	Artikelname	Naam	Nombre del ArtÃ­culo	Item Name	Nom	ç”¢å“åç¨±	ÐÐ°Ð·Ð²Ð°Ð½Ð¸Ðµ Ñ‚Ð¾Ð²Ð°Ñ€Ð°	à¸Šà¸·à¹ˆà¸­à¸ªà¸´à¸™à¸„à¹‰à¸²	ÃœrÃ¼n AdÄ±	Nama Item 	Produto	Naziv artikla
sales_item_number	TermÃ©k #	Artikel-Nr.	Product #	UPC/EAN/ISBN	Item #	# Item	ç”¢å“ #	ÐÐ¾Ð¼ÐµÑ€ Ñ‚Ð¾Ð²Ð°Ñ€Ð°	à¸ªà¸´à¸™à¸„à¹‰à¸² #	ÃœrÃ¼n No	Item #	Item nÂº	UPC/EAN/ISBN
sales_item_out_of_stock	TermÃ©k kifogyott	Artikel ist nicht am Lager	Product is niet meer in voorraad	El artÃ­culo estÃ¡ agotado	Item is Out of Stock	Stock Ã©puisÃ©	ç”¢å“ç¼ºè²¨	Ð¢Ð¾Ð²Ð°Ñ€ Ñ€Ð°ÑÐ¿Ñ€Ð¾Ð´Ð°Ð½Ð¾	à¸ªà¸´à¸™à¸„à¹‰à¸²à¸ˆà¸³à¸«à¸™à¹ˆà¸²à¸¢à¸«à¸¡à¸”	ÃœrÃ¼n Stokta Yok	Item tidak ada stok	Item sem estoque	Stavka je rasprodana
sales_mode	Nyilv. mÃ³d	Verkaufstyp	Type Registratie	Modo	Register Mode	Mode d'Enregistrement	ç™»è¨˜æ¨¡å¼	Ñ€ÐµÐ¶Ð¸Ð¼ Ð¶ÑƒÑ€Ð½Ð°Ð»Ð°	à¸£à¸¹à¸›à¹à¸šà¸šà¸à¸²à¸£à¸¥à¸‡à¸—à¸°à¹€à¸šà¸µà¸¢à¸™	KayÄ±t Modu	Jenis Transaksi	Registrar como	Mod registriranja
sales_must_enter_numeric	SzÃ¡mot kell megadnia a megrendelt mennyisÃ©ghez	Eingabe muss eine Zahl sein	Het ontvangen bedrag moet een numerieke waarde zijn	Cantidad Recibida debe ser nÃºmero	Must enter numeric value for amount tendered	Veuillez entrer une valeur numÃ©rique pour la somme	å·²æ”¶å¸³æ¬¾å¿…é ˆè¼¸å…¥æ•¸å€¼	Ñ‡Ð¸ÑÐ»Ð¾Ð²Ð¾Ðµ Ð·Ð½Ð°Ñ‡ÐµÐ½Ð¸Ðµ Ð½ÐµÐ¾Ð±Ñ…Ð¾Ð´Ð¸Ð¼Ð¾Ðµ Ð´Ð»Ñ Ð¿Ñ€ÐµÐ´Ð»Ð¾Ð¶ÐµÐ½Ð½Ð°Ñ ÑÑƒÐ¼Ð¼Ð°	à¸ˆà¸³à¸™à¸§à¸™à¸—à¸µà¹ˆà¸–à¸¸à¸à¸›à¸£à¸°à¸¡à¸¹à¸¥à¸•à¹‰à¸­à¸‡à¹ƒà¸ªà¹ˆà¸‚à¹‰à¸­à¸¡à¸¸à¸¥à¸—à¸µà¹ˆà¹€à¸›à¸™à¸•à¸±à¸§à¹€à¸¥à¸‚	Ã–denen tutar sayÄ± olmalÄ±dÄ±r	Nilai yang dimasukkan harus angka numerik	Deve entrar valor numÃ©rico para montante da proposta apresentada	Morate unijeti numeriÄku vrijednost za koliÄinu
sales_must_enter_numeric_giftcard	VÃ¡sÃ¡rlÃ¡si utalvÃ¡ny szÃ¡mÃ¡t adja meg	Gutschein-Nr. muss eine Zahl sein	Er moet een geldige code worden ingevuld voor de cadeaubon	NÃºmero de Tarjeta de Regalo debe ser nÃºmero	Must enter numeric value for giftcard number	Veuillez entrer une valeur numÃ©rique pour le numÃ©ro de carte	ç¦®é‡‘åˆ¸ç·¨è™Ÿå¿…é ˆè¼¸å…¥æ•¸å€¼	Ñ‡Ð¸ÑÐ»Ð¾Ð²Ð¾Ðµ Ð·Ð½Ð°Ñ‡ÐµÐ½Ð¸Ðµ Ð½ÐµÐ¾Ð±Ñ…Ð¾Ð´Ð¸Ð¼Ð¾Ðµ Ð´Ð»Ñ Ñ‡Ð¸ÑÐ»Ð¾ Ð¿Ð¾Ð´Ð°Ñ€Ð¾Ñ‡Ð½ÑƒÑŽ ÐºÐ°Ñ€Ñ‚Ñƒ	à¸à¸´à¹Šà¸Ÿà¸à¸²à¸£à¹Œà¸” à¸•à¹‰à¸­à¸‡à¹ƒà¸ªà¹ˆà¸•à¸±à¸§à¹€à¸¥à¸‚à¹€à¸—à¹ˆà¸²à¸™à¸±à¹‰à¸™	Hediye Ã§eki numarasÄ± iÃ§in sayÄ± girmelisiniz	Nomor Gift Card harus angka numerik	Deve entrar valor numÃ©rico para o nÃºmero de cartÃ£o presente	Morate unijeti numeriÄku vrijednost za poklon bon
sales_new_customer	Ãšj vÃ¡sÃ¡rlÃ³	Neuer Kunde	Nieuwe klant	Cliente Nuevo	New Customer	Nouveau Client	æ–°å®¢æˆ¶	ÐÐ¾Ð²Ñ‹Ð¹ ÐºÐ»Ð¸ÐµÐ½Ñ‚	à¸¥à¸¹à¸à¸„à¹‰à¸²à¹ƒà¸«à¸¡à¹ˆ	Yeni MÃ¼ÅŸteri	Pelanggan Baru	Novo Cliente	Novi kupac
sales_new_item	Ãšj termÃ©k	Neuer Artikel	Nieuw Product	ArtÃ­culo Nuevo	New Item	Nouvel Ã‰lÃ©ment	æ–°å¢žç”¢å“	ÐÐ¾Ð²Ñ‹Ð¹ Ð¢Ð¾Ð²Ð°Ñ€	à¸ªà¸´à¸™à¸„à¹‰à¸²à¹ƒà¸«à¸¡à¹ˆ	Yeni ÃœrÃ¼n	Item Baru	Novo Item	Nova stavka
sales_no_description	Nincs leÃ­rÃ¡s	nichts	Geen	Ninguno	None	None	None	None	None	None	Kosong	Nenhum	Nema opisa
sales_no_filter	Mindegyik	Alle	Alle	Todos	All	All	All	All	All	All	Semua	Todos	Svi
sales_no_items_in_cart	Nincsenek termÃ©kek a kosÃ¡rban	Warenkorb ist leer	Er zijn geen aankopen geselecteerd	No hay artÃ­culos en el carrito	There are no items in the cart	Il n'y a rien dans votre panier	è³¼ç‰©è»Šä¸­æ²’æœ‰ä»»ä½•ç”¢å“	Ð¢Ð°Ð¼ Ð½ÐµÑ‚ Ñ‚Ð¾Ð²Ð°Ñ€Ð¾Ð² Ð² ÐºÐ¾Ñ€Ð·Ð¸Ð½Ðµ	à¹„à¸¡à¹ˆà¸žà¸šà¸ªà¸´à¸™à¸„à¹‰à¸²à¹ƒà¸™à¸•à¸£à¸°à¸à¸£à¹‰à¸²	Sepette ÃœrÃ¼n Yok	Tidak ada Item dalam Keranjang Belanja	NÃ£o hÃ¡ itens na cesta	Nema artikala u koÅ¡ari
sales_no_sales_to_display	Nincsenek megjelenithetÅ‘ Ã©rtÃ©kesitÃ©sek	Keine Artikel zum Anzeigen	Er werden geen aankopen gevonden	No hay ventas que mostrar	No sales to display	No sales to display	No sales to display	No sales to display	No sales to display	No sales to display	Tidak ada Transaksi untuk di tampilkan	Sem vendas para mostrar	Nema prodaje za prikaz
sales_one_or_multiple	Ã©rtÃ©kesÃ­tÃ©s(ek)	VerkÃ¤ufe	aankopen verwijderd	venta(s)	sale(s)							venda(s)	Prodaja(e)
sales_takings	BevÃ©telek	Einnahmen	Overzicht	Resumen	Takings	Takings	Takings	Takings	à¸›à¸£à¸°à¸§à¸±à¸•à¸´	Takings	History Transaksi	Vendas	Prodano
sales_payment	FizetÃ©s mÃ³dja	Zahlungsart	Betaalmethode	Tipo de Pago	Payment Type	Type Paiement	ä»˜æ¬¾æ–¹å¼	Ð’Ð¸Ð´ Ð¾Ð¿Ð»Ð°Ñ‚Ñ‹	à¸£à¸¹à¸›à¹à¸šà¸šà¸Šà¸³à¸£à¸°à¹€à¸‡à¸´à¸™	Ã–deme TÃ¼rÃ¼	Type Pembayaran	Forma de pagamento	Tip plaÄ‡anja
sales_payment_amount	Ã–sszeg	Betrag	Bedrag	Cantidad	Amount	Somme	Amount	ÐºÐ¾Ð»Ð¸Ñ‡ÐµÑÑ‚Ð²Ð¾		Tutar	Amount	Conta	Iznos
sales_payment_not_cover_total	FizetÃ©s Ã¶sszege nem fedezi a teljes Ã¶sszeget	Betrag deckt Rechnungsbetrag nicht	Betaalde hoeveelheid is onvoldoende	La Cantidad Recibida no cubre el pago total	Payment Amount does not cover Total	Le Paiement ne couvre pas le Total	ä»˜æ¬¾é‡‘é¡ä¸è¶³	Ð¾Ð¿Ð»Ð°Ñ‡Ð¸Ð²Ð°ÐµÐ¼Ð°Ñ ÑÑƒÐ¼Ð¼Ð° Ð½ÐµÐ´Ð¾ÑÑ‚Ð°Ñ‚Ð¾Ñ‡Ð½Ð¾	 à¸›à¸£à¸´à¸¡à¸²à¸“à¸à¸²à¸£à¸ˆà¹ˆà¸²à¸¢à¸—à¸µà¹ˆà¹„à¸¡à¹ˆà¹€à¸žà¸µà¸¢à¸‡à¸žà¸­à¸à¸°à¸¢à¸­à¸”à¸£à¸§à¸¡	Ã–demeler toplam tutarÄ± karÅŸÄ±lamÄ±yor	Jumlah pembayaran tidak mencakup Total	Valor do pagamento nÃ£o cobre total	PlaÄ‡eni iznos ne pokriva ukupni iznos
sales_payment_type	TÃ­pus	Typ	Type	Tipo	Type	Type	Type	Ñ‚Ð¸Ð¿	à¸Šà¸³à¸£à¸°à¹‚à¸”à¸¢	TÃ¼r	Type	Tipo	Tip
sales_payments_total	Fizetve eddig:	Zahlung Total	Betaald bedrag	Pagado	Payments Total	Total Paiments	Payments Total	Payments Total	à¸¢à¸­à¸”à¸Šà¸³à¸£à¸°à¹à¸¥à¹‰à¸§	Ã–demeler ToplamÄ±	Total Pembayaran	Total Pago	Ukupno plaÄ‡eno
sales_price	Ãr	Preis	Prijs	Precio	Price	Prix	åƒ¹æ ¼	Ñ†ÐµÐ½Ð°	à¸£à¸²à¸„à¸²	Fiyat	Harga	PreÃ§o	Cijena
sales_print_after_sale	NyomtatÃ¡s eladÃ¡s utÃ¡n	Drucke Bon nach Verkauf	Print Ticket	Imprimir recibo despuÃ©s de una venta	Print after sale	Imprimer un recu aprÃ¨s vente	å‡ºè²¨æ™‚æ‰“å°æ”¶æ“š	Ð Ð°ÑÐ¿ÐµÑ‡Ð°Ñ‚Ð°Ñ‚ÑŒ ÐºÐ²Ð¸Ñ‚Ð°Ð½Ñ†Ð¸ÑŽ â€‹â€‹Ð¿Ð¾ÑÐ»Ðµ Ð¿Ñ€Ð¾Ð´Ð°Ð¶Ð¸	à¸žà¸´à¸¡à¸žà¹Œà¸šà¸´à¸¥à¸«à¸¥à¸±à¸‡à¸à¸²à¸£à¸‚à¸²à¸¢	SatÄ±ÅŸtan sonra yazdÄ±r	Cetak Faktur setelah penjualan	Imprimir ao final	Å tampaj poslije prodaje
sales_quantity	Menny.	Menge	Aantal	Cant.	Qty.	QtÃ©.	æ•¸é‡.	ÐšÐ¾Ð»-Ð²Ð¾.	à¸ˆà¸³à¸™à¸§à¸™	Adet	Jumlah	Qtde.	KoliÄina
sales_quantity_less_than_zero	Figyelem, a megadott mennyisÃ©g elÃ©gtelen! TovÃ¡bb folytathatja az Ã©rtÃ©kesitÃ©st, de ellenÅ‘rizze a kÃ©szletet.	Warnung: GewÃ¼nschte Menge ist nicht verfÃ¼gbar. Sie kÃ¶nnen den Verkauf fortsetzen, dennoch prÃ¼fen Sie bitte den Lagerbestand.	Waarschuwing, de gewenste hoeveelheid is onvoldoende. U kunt deze aankoop verwerken, maar kijk toch even de voorraad na.	Advertencia. La cantidad deseada es insuficiente. Puedes procesar la venta pero verifica el inventario.	Warning, Desired Quantity is Insufficient. You can still process the sale, but check your inventory	Avertissement, QuantitÃ© DemandÃ©e Insuffisante. Vous pouvez accomplir la ventre, mais veuillez vÃ©rifier votre inventaire	è­¦å‘Šï¼ç”¢å“çš„åº«å­˜æ•¸é‡æ˜¯ä¸è¶³çš„ã€‚æ‚¨ä»ç„¶å¯ä»¥è™•ç†éŠ·å”®ï¼Œä½†æª¢æŸ¥æ‚¨çš„åº«å­˜	Ð’Ð½Ð¸Ð¼Ð°Ð½Ð¸Ðµ Ð–ÐµÐ»Ð°ÐµÐ¼Ð¾Ðµ ÐºÐ¾Ð»Ð¸Ñ‡ÐµÑÑ‚Ð²Ð¾ ÑÐ²Ð»ÑÐµÑ‚ÑÑ Ð½ÐµÐ´Ð¾ÑÑ‚Ð°Ñ‚Ð¾Ñ‡Ð½Ñ‹Ð¼. Ð’Ñ‹ Ð²ÑÐµ ÐµÑ‰Ðµ Ð¼Ð¾Ð¶ÐµÑ‚Ðµ Ð¾Ð±Ñ€Ð°Ð±Ð°Ñ‚Ñ‹Ð²Ð°Ñ‚ÑŒ Ð¿Ñ€Ð¾Ð´Ð°Ð¶Ð¸, Ð½Ð¾ Ð¿Ñ€Ð¾Ð²ÐµÑ€Ð¸Ñ‚ÑŒ Ð²Ð°Ñˆ Ð¸Ð½Ð²ÐµÐ½Ñ‚Ð°Ñ€ÑŒ	à¸„à¸³à¹€à¸•à¸·à¸­à¸™ à¸–à¹‰à¸²à¸ˆà¸³à¸™à¸§à¸™à¸‚à¸­à¸‡à¹„à¸¡à¹ˆà¹€à¸žà¸µà¸¢à¸‡à¸žà¸­à¸à¸±à¸šà¸„à¸§à¸²à¸¡à¸•à¹‰à¸­à¸‡à¸à¸²à¸£à¸«à¸£à¸·à¸­à¹„à¸¡à¹ˆà¸•à¸£à¸‡à¸à¸±à¸šà¸¢à¸­à¸”à¹ƒà¸™à¸šà¸±à¸™à¸Šà¸µ à¸à¹‡à¸ªà¸²à¸¡à¸²à¸£à¸–à¸—à¸³à¸à¸²à¸£à¸‚à¸²à¸¢à¹„à¸”à¹‰ à¹à¸•à¹ˆà¸•à¹‰à¸­à¸‡à¹€à¸Šà¸„à¸›à¸£à¸´à¸¡à¸²à¸™à¸ªà¸´à¸™à¸„à¹‰à¸²à¸„à¸‡à¸„à¸¥à¸±à¸‡	Dikkat, Ä°stenen stok yetersiz. SatÄ±ÅŸa devam edebilirsiniz ama stoÄŸunuzu kontrol ediniz	Peringatan!... Stok Inventori Kosong. Proses penjualan masih dapat dilanjutkan, Periksa Inventori.	Aviso, Quantidade desejado Ã© insuficiente. VocÃª ainda pode processar a venda  mas verifique seu inventÃ¡rio	Upozorenje! Å½eljena koliÄina je nedovoljna. MoÅ¾ete nastaviti prodaju, ali provjerite svoju zalihu.
sales_quantity_less_than_reorder_level	Figyelem, a megadott mennyisÃ©g elÃ©gtelen!	Warnung: GewÃ¼nschte Menge ist nicht verfÃ¼gbar.	Waarschuwing, de gewenste hoeveelheid stock is overgeschreden.	Advertencia. La cantidad deseada es insuficiente	Warning, Desired Quantity is below reorder level	Avertissement, QuantitÃ© DemandÃ©e Insuffisante	è­¦å‘Šï¼ç”¢å“çš„åº«å­˜æ•¸é‡æ˜¯ä¸è¶³çš„ã€‚æ‚¨ä»ç„¶å¯ä»¥è™•ç†éŠ·å”®ï¼Œä½†æª¢æŸ¥æ‚¨çš„åº«å­˜	Ð’Ð½Ð¸Ð¼Ð°Ð½Ð¸Ðµ Ð–ÐµÐ»Ð°ÐµÐ¼Ð¾Ðµ ÐºÐ¾Ð»Ð¸Ñ‡ÐµÑÑ‚Ð²Ð¾ ÑÐ²Ð»ÑÐµÑ‚ÑÑ Ð½ÐµÐ´Ð¾ÑÑ‚Ð°Ñ‚Ð¾Ñ‡Ð½Ñ‹Ð¼.	à¸„à¸³à¹€à¸•à¸·à¸­à¸™ à¸–à¹‰à¸²à¸ˆà¸³à¸™à¸§à¸™à¸‚à¸­à¸‡à¹„à¸¡à¹ˆà¹€à¸žà¸µà¸¢à¸‡à¸žà¸­à¸à¸±à¸šà¸„à¸§à¸²à¸¡à¸•à¹‰à¸­à¸‡à¸à¸²à¸£à¸«à¸£à¸·à¸­à¹„à¸¡à¹ˆà¸•à¸£à¸‡à¸à¸±à¸šà¸¢à¸­à¸”à¹ƒà¸™à¸šà¸±à¸™à¸Šà¸µ à¸à¹‡à¸ªà¸²à¸¡à¸²à¸£à¸–à¸—à¸³à¸à¸²à¸£à¸‚à¸²à¸¢à¹„à¸”à¹‰ à¹à¸•à¹ˆà¸•à¹‰à¸­à¸‡à¹€à¸Šà¸„à¸›à¸£à¸´à¸¡à¸²à¸™à¸ªà¸´à¸™à¸„à¹‰à¸²à¸„à¸‡à¸„à¸¥à¸±à¸‡	Dikkat, Ä°stenen stok yetersiz.	Peringatan!... Stok Inventori Kosong.	Aviso, quantidade desejada estÃ¡ abaixo do nÃ­vel de reabastecimento	Upozorenje! Å½eljena koliÄina je ispod minimalne.
sales_receipt	EladÃ¡si nyugta	Quittung	Ticket #	Recibo de Venta	Sales Receipt	Recu de Ventes	éŠ·è²¨å–®	Ñ‚Ð¾Ð²Ð°Ñ€Ð½Ñ‹Ð¹ Ñ‡ÐµÐº	à¸šà¸´à¸¥à¸‚à¸²à¸¢	SatÄ±ÅŸ FaturasÄ±	Faktur Penjualan	Vendas	RaÄun
sales_receipt_number	Ã‰rtÃ©kesÃ­tÃ©si #	Quittung Nr.	Ticket #	POS #	Sale #	# Caisse	POS #	POS #	à¸ˆà¸¸à¸”à¸‚à¸²à¸¢#		POS #	Venda nÂº	RaÄun br.
sales_receipt_sent	Nyugta elkÃ¼ldve	Quittung gesendet an	Ticket verstuurd naar	Recibo enviada a	Receipt sent to	Receipt sent to	Receipt sent to	Receipt sent to	Receipt sent to	Receipt sent to	Receipt sent to	Enviar recibo para	RaÄun poslana
sales_receipt_unsent	Nyugta sikertelen kÃ¼ldÃ©se	Quittung nicht gesendet	Fout bij het versturen van ticket naar	Fallo el envio de la recibo a	Receipt failed to be sent to	Receipt failed to be sent to	Receipt failed to be sent to	Receipt failed to be sent to	Receipt failed to be sent to	Receipt failed to be sent to	Receipt failed to be sent to	Recibo nÃ£o devem ser enviados para	RaÄun nije poslana
sales_register	Ã‰rtÃ©kesitÃ©si nyilvÃ¡ntartÃ¡s	Kasse	Kassa	Registro de Ventas	Sales Register	Registre des Ventes	éŠ·å”®ç™»è¨˜	ÐŸÑ€Ð¾Ð´Ð°Ð¶Ð¸ Ð¶ÑƒÑ€Ð½Ð°Ð»Ð°	à¸¥à¸‡à¸—à¸°à¹€à¸šà¸µà¸¢à¸™à¸‚à¸²à¸¢	SatÄ±ÅŸ KaydÄ±	Transaksi Penjualan	Registar Venda	Registracija prodaje
sales_remove_customer	VÃ¡sÃ¡rlÃ³ eltÃ¡volÃ­tÃ¡sa	Entferne Kunde	Verwijder Klant	Borrar Cliente	Remove Customer	Enlever Client	ç§»é™¤å®¢æˆ¶	Ð£Ð´Ð°Ð»Ð¸Ñ‚Ðµ ÐºÐ»Ð¸ÐµÐ½Ñ‚Ð¾Ð²	à¸¥à¸šà¸¥à¸¹à¸à¸„à¹‰à¸²	MÃ¼ÅŸteriyi KaldÄ±r	Hapus Pelanggan	Remover Cliente	Ukloni kupca
sales_return	VisszavÃ©tel	Retoure	Retour	DevoluciÃ³n	Return	Reprise	é€€è²¨	Ð²Ð¾Ð·Ð²Ñ€Ð°Ñ‰Ð°Ñ‚ÑŒ	à¸„à¸·à¸™	Ä°ade	Retur	DevoluÃ§Ã£o	Povrat
sales_sale	EladÃ¡s	Verkauf	Verkoop	Venta	Sale	Vente	éŠ·å”®	ÐŸÑ€Ð¾Ð´Ð°Ð¶Ð°	à¸‚à¸²à¸¢	SatÄ±ÅŸ	Penjualan	Venda	Prodaja
sales_sale_for_customer	VevÅ‘:	Kunde:	Klant:	Cliente:	Customer:	Client:	å®¢æˆ¶:	ÐšÐ»Ð¸ÐµÐ½Ñ‚:	à¸¥à¸¹à¸à¸„à¹‰à¸²:	MÃ¼ÅŸteri:	Pelanggan:	Cliente:	Kupac:
sales_sale_time	IdÅ‘	Zeit	Datum	Hora	Time	Time	Time	Time	à¹€à¸§à¸¥à¸²	Saat	Waktu	Data	Vrijeme
sales_select_customer	VevÅ‘ kivÃ¡lasztÃ¡sa (opcionÃ¡lis)	WÃ¤hle Kunde (optional)	Selecteer Klant (Optioneel)	Seleccionar Cliente (Opcional)	Select Customer (Optional)	Choisir Client (Facultatif)	é¸æ“‡å®¢æˆ¶ (Optional)	Ð’Ñ‹Ð±ÐµÑ€Ð¸Ñ‚Ðµ ÐºÐ»Ð¸ÐµÐ½Ñ‚Ð° (Ð½ÐµÐ¾Ð±ÑÐ·Ð°Ñ‚ÐµÐ»ÑŒÐ½Ð¾)	à¹€à¸¥à¸·à¸­à¸à¸¥à¸¹à¸à¸„à¹‰à¸² (Optional)	MÃ¼ÅŸteri SeÃ§ (Ä°steÄŸe BaÄŸlÄ±)	Pilih Pelanggan (Opsional)	Selecionar Cliente (Opcional)	Odaberi kupca(neobaveno)
sales_send_invoice	SzÃ¡mla kÃ¼ldÃ©se	Sende Rechnung	Vestuur Factuur	Enviar Factura	Send Invoice	Send Invoice	Send Invoice	Send Invoice	à¸ªà¹ˆà¸‡à¹ƒà¸šà¹à¸ˆà¹‰à¸‡à¸«à¸™à¸µà¹‰	Send Invoice	Send Invoice	Enviar fatura	PoÅ¡alji fakturu
sales_send_receipt	Nyugta kÃ¼ldÃ©se	Sende Quittung	Vestuur Ticket	Enviar Recibo	Send Receipt	Send Receipt	Send Receipt	Send Receipt	Send Receipt	Send Receipt	Send Receipt	Enviar recibo	PoÅ¡alji raÄun
sales_serial	Serial	Seriennummer	Nummer	Serial	Serial	Serie	åºè™Ÿ	ÑÐµÑ€Ð¸Ð¹Ð½Ñ‹Ð¹ Ð½Ð¾Ð¼ÐµÑ€	Serial	Seri	Serial	Serial	Serijski broj
sales_show_invoice	szÃ¡mla	Rechnung	Factuur	Factura	Show Invoice	Show Invoice	Show Invoice	Show Invoice	à¹ƒà¸šà¹à¸ˆà¹‰à¸‡à¸«à¸™à¸µà¹‰	Show Invoice	Show Invoice	fatura	PokaÅ¾i fakturu
sales_show_receipt	nyugta	Quittung	Ticket	Recibo	Show Receipt	Show Receipt	Show Receipt	Show Receipt	à¹ƒà¸šà¹€à¸ªà¸£à¹‡à¸ˆ	Show Receipt	Show Receipt	recibo	PokaÅ¾i raÄun
sales_start_typing_customer_name	Kezdje gÃ©pelni a vevÅ‘ nevÃ©tâ€¦	Geben Sie den Kundennamen ein...	Typ naam klant...	Empieza a escribir el cliente...	Start Typing customer's name...	Commencez Ã  saisir le nom du client...	é–‹å§‹è¼¸å…¥å®¢æˆ¶çš„åå­—	ÐÐ°Ñ‡Ð½Ð¸Ñ‚Ðµ Ð¿ÐµÑ‡Ð°Ñ‚Ð°Ñ‚ÑŒ Ð½Ð°Ð·Ð²Ð°Ð½Ð¸Ðµ ÐºÐ»Ð¸ÐµÐ½Ñ‚Ð°...	à¹€à¸£à¸´à¹ˆà¸¡à¸•à¹‰à¸™à¸žà¸´à¸¡à¸žà¹Œà¸Šà¸·à¹ˆà¸­à¸¥à¸¹à¸à¸„à¹‰à¸²...	MÃ¼ÅŸteri AdÄ±...	Ketik Nama Pelanggan...	Nome Cliente ...	PoÄnite upisivati naziv kupca ...
sales_start_typing_item_name	Irja be a termÃ©k nevÃ©t vagy olvassa be a vonalkÃ³dotâ€¦	Geben Sie den Artikel ein oder scannen Sie ihn...	Typ naam product of barcode...	Empieza a escribir o escanea el cÃ³digo de barras...	Start Typing item's name or scan barcode...	Commencez Ã  saisir le nom de l'item ou scannez le code-barre...	é–‹å§‹è¼¸å…¥ç”¢å“åæˆ–æŽƒææ¢ç¢¼...	ÐÐ°Ñ‡Ð½Ð¸Ñ‚Ðµ Ð¿ÐµÑ‡Ð°Ñ‚Ð°Ñ‚ÑŒ Ð½Ð°Ð·Ð²Ð°Ð½Ð¸Ðµ Ñ‚Ð¾Ð²Ð°Ñ€Ð° Ð¸Ð»Ð¸ ÑÐºÐ°Ð½Ð¸Ñ€Ð¾Ð²Ð°Ð¹Ñ‚Ðµ ÑˆÑ‚Ñ€Ð¸Ñ…-ÐºÐ¾Ð´Ð°...	à¹€à¸£à¸´à¹ˆà¸¡à¸•à¹‰à¸™à¸žà¸´à¸¡à¸žà¹Œà¸Šà¸·à¹ˆà¸­à¸ªà¸´à¸™à¸„à¹‰à¸² à¸«à¸£à¸·à¸­ à¸ªà¹à¸à¸™à¸šà¸²à¸£à¹Œà¹‚à¸„à¹Šà¸”...	ÃœrÃ¼n adÄ± yazÄ±n yada barkod okutun...	Ketik Nama Barang atau Scan Barcode...	Produto ...	PoÄnite upisivati naziv artikal ili skenirajte barkod
sales_stock_location	Ãœzlet helyszine	Lagerort	Stock locatie	Inventario	Stock location				à¸—à¸µà¹ˆà¹€à¸à¹‡à¸š	Stok yeri	Lokasi Stock	Estoque	SkladiÅ¡te
sales_sub_total	RÃ©szÃ¶sszeg	Zwischentotal	Subtotaal	Subtotal	Sub Total	Sous-Total	å°è¨ˆ	Ð¿Ñ€Ð¾Ð¼ÐµÐ¶ÑƒÑ‚Ð¾Ñ‡Ð½Ñ‹Ð¹ Ð¸Ñ‚Ð¾Ð³	à¸¢à¸­à¸”à¸£à¸§à¸¡à¸«à¸±à¸à¸ à¸²à¸©à¸µ 	Ara Toplam	Sub Total	Sub Total	MeÄ‘uzbroj
sales_successfully_deleted	Sikeresen tÃ¶rÃ¶lte	LÃ¶schung erfolgreich	Uw aankoop werd verwijded	La Venta ha sido borrada satisfactoriamente	You have successfully deleted	Vente supprimÃ©e	éŠ·å”®è³‡æ–™æˆåŠŸåˆªé™¤	Ð¿Ñ€Ð¾Ð´Ð°Ð¶Ð¸ ÑƒÑÐ¿ÐµÑˆÐ½Ð¾ ÑƒÐ´Ð°Ð»ÐµÐ½	à¸¥à¸šà¸à¸²à¸£à¸‚à¸²à¸¢à¸ªà¸¡à¸¢à¸¹à¸£à¸“à¹Œ	SatÄ±ÅŸ silindi	Transaksi Penjualan berhasil dihapus	Apagado com sucesso	UspjeÅ¡no ste obrisali prodaju
sales_successfully_suspended_sale	Ã‰rtÃ©kesitÃ©se sikeresen felfÃ¼ggesztve	Auftrag wurde erfolgreich pendent gehalten	Uw aankoop werd met sucess bewaard	La venta ha sido suspendida satisfactoriamente	Your sale has been successfully suspended	Vente suspendue	æœ¬éŠ·å”®è³‡æ–™å·²ç¶“æˆåŠŸæš«åœ	Ð’Ð°ÑˆÐ¸ Ð¿Ñ€Ð¾Ð´Ð°Ð¶Ð¸ ÑƒÑÐ¿ÐµÑˆÐ½Ð¾ Ð¿Ñ€Ð¸Ð¾ÑÑ‚Ð°Ð½Ð¾Ð²Ð»ÐµÐ½Ð°	à¸à¸²à¸£à¸‚à¸²à¸¢à¸‚à¸­à¸‡à¸„à¸¸à¸“à¸–à¸¹à¸à¸£à¸°à¸‡à¸±à¸šà¹€à¸£à¸µà¸¢à¸šà¸£à¹‰à¸­à¸¢	SatÄ±ÅŸ askÄ±ya alÄ±ndÄ±	Penjualan anda telah berhasil ditangguhkan	Suspenso com sucesso	NeuspjeÅ¡no brisanje prodaje
sales_successfully_updated	Ã‰rtÃ©kesitÃ©s sikeresen frissitve	Ã„nderung erfolgreich	Wijzigingen bewaard voor ticket	La venta ha sido actualizada satisfactoriamente	Sale successfully updated	Vente Ã©ditÃ©e	éŠ·å”®è³‡æ–™æˆåŠŸæ›´æ–°	ÐŸÑ€Ð¾Ð´Ð°Ð¶Ð° ÑƒÑÐ¿ÐµÑˆÐ½Ð¾ Ð¾Ð±Ð½Ð¾Ð²Ð»ÐµÐ½	à¸­à¸±à¸žà¹€à¸”à¸—à¸à¸²à¸£à¸‚à¸²à¸¢à¸ªà¸¡à¸šà¸¹à¸£à¸“à¹Œ	SatÄ±ÅŸ dÃ¼zenlendi	Penjualan berhasil diperbarui	Venda atualizada	UspjeÅ¡no ste aÅ¾urirali prodaju
sales_suspend_sale	FelfÃ¼ggeszt	->Pendent	Bewaar aankoop	Suspender Venta	Suspend	Suspendre la Vente	æš«åœéŠ·å”®	ÐŸÑ€Ð¸Ð¾ÑÑ‚Ð°Ð½Ð¾Ð²Ð¸Ñ‚ÑŒ Ð¿Ñ€Ð¾Ð´Ð°Ð¶Ð¸	à¸žà¸±à¸à¸£à¸²à¸¢à¸à¸²à¸£	SatÄ±ÅŸÄ± AskÄ±ya Al	Tangguhkan	Suspender	Obustavi
sales_suspended_sale_id	ID	ID	ID	ID de Venta Suspendida	ID	ID	æš«åœéŠ·å”®ç·¨è™Ÿ	Ð¿Ñ€Ð¸Ð¾ÑÑ‚Ð°Ð½Ð¾Ð²Ð¸Ð»Ð° Ð¿Ñ€Ð¾Ð´Ð°Ð¶Ð¸ ID	à¸£à¸«à¸±à¸ªà¸à¸²à¸£à¸‚à¸²à¸¢à¸—à¸µà¹ˆà¸–à¸¹à¸à¸žà¸±à¸	No	ID Penjualan ditangguhkan	ID	Broj obustave
sales_suspended_sales	FÃ¼ggÅ‘ eladÃ¡sok	Pendente AuftrÃ¤ge	Bewaarde Aankopen	Ventas Suspendidas	Suspended	Ventes Suspendues	å·²æš«åœéŠ·å”®	Ð¿Ñ€Ð¸Ð¾ÑÑ‚Ð°Ð½Ð¾Ð²Ð¸Ð»Ð° Ð¿Ñ€Ð¾Ð´Ð°Ð¶Ð¸	à¸à¸²à¸£à¸‚à¸²à¸¢à¸—à¸µà¹ˆà¸žà¸±à¸à¹„à¸§à¹‰	AskÄ±daki SatÄ±ÅŸlar	Penangguhan	Suspenso	Obustavljanje
sales_tax	AdÃ³	MWSt	VAT	Impuesto	Tax	Taxe	ç¨…é¡	Ð½Ð°Ð»Ð¾Ð³	à¸ à¸²à¸©à¸µ	Vergi	Pajak	Taxa	Porez
sales_tax_percent	AdÃ³ %	MWSt %	VAT %	% de Impuesto	Tax %	% Taxe	ç¨…çŽ‡ %	ÐÐ°Ð»Ð¾Ð³Ð¾Ð²Ñ‹Ðµ %	à¸ à¸²à¸©à¸µ %	Vergi %	Pajak %	Taxa %	Porez %
sales_total	Ã–sszesen	Total	Totaal	Total	Total	Total	ç¸½è¨ˆ	ÑÑƒÐ¼Ð¼Ð°	à¸¢à¸­à¸”à¸£à¸§à¸¡	Toplam	Total	Total	Ukupno
sales_total_tax_exclusive	AdÃ³k nÃ©lkÃ¼l	Total exkl. MWSt.	Totaal	No incluye impuestos	Tax excluded	Tax excluded	Tax excluded	Tax excluded	Tax excluded	Tax excluded	Tax excluded	taxas excluÃ­das	Porez nije ukljuÄen
sales_transaction_failed	TranzakciÃ³ sikertelen	Verarbeitung fehlerhaft	Transactie mislukt	La transacciÃ³n de venta fallÃ³	Sales Transaction Failed	Ã‰chec de Transaction de vente	éŠ·å”®äº¤æ˜“å¤±æ•—	Ð¢Ñ€Ð°Ð½Ð·Ð°ÐºÑ†Ð¸Ñ Ð½Ðµ ÑƒÐ´Ð°Ð»Ð¾ÑÑŒ	à¸à¸²à¸£à¸”à¸³à¹€à¸™à¸´à¸™à¸à¸²à¸£à¸‚à¸²à¸¢à¸¥à¹‰à¸¡à¹€à¸«à¸¥à¸§	SatÄ±ÅŸ iÅŸlemi hatasÄ±	Transaksi Penjualan Salah	Falha na transaÃ§Ã£o Vendas	GreÅ¡ka kod prodaje
sales_unable_to_add_item	Nem adhatÃ³ termÃ©k az Ã©rtÃ©kesitÃ©shez	Kann Artikel nicht zum Auftrag hinzufÃ¼gen	Onmogelijk om product toe te voegen	No se puede agregar el artÃ­culo a la venta	Unable to add item to sale	Erreur d'ajout Ã  la vente	ç„¡æ³•å¢žåŠ å‡ºå”®ç”¢å“	ÐÐµÐ²Ð¾Ð·Ð¼Ð¾Ð¶Ð½Ð¾ Ð´Ð¾Ð±Ð°Ð²Ð¸Ñ‚ÑŒ Ñ‚Ð¾Ð²Ð°Ñ€ Ð¿Ñ€Ð¾Ð´Ð°Ð¶Ð¸		ÃœrÃ¼n satÄ±ÅŸa eklenemedi	Tidak dapat menambahkan item dengan penjualan	NÃ£o Ã© possÃ­vel adicionar item Ã  venda	Artikal nije moguÄ‡e dodati
sales_unsuccessfully_deleted	Ã‰rtÃ©kesitÃ©s(ek) nem tÃ¶rÃ¶lhetÅ‘(k)	LÃ¶schung nicht erfolgreich	De aankoop kon niet verwijderd worden	Ha fallado la eliminaciÃ³n de la Venta	Sale(s) could not be deleted	Ã‰chec de suppression	éŠ·å”®è³‡æ–™åˆªé™¤å¤±æ•—	Ð¿Ñ€Ð¾Ð´Ð°Ð¶Ð¸ Ð±ÐµÐ·ÑƒÑÐ¿ÐµÑˆÐ½Ð¾ ÑƒÐ´Ð°Ð»ÐµÐ½	à¸¥à¸šà¸à¸²à¸£à¸‚à¸²à¸¢à¹„à¸¡à¹ˆà¸ªà¸³à¹€à¸£à¹‡à¸ˆ	SatÄ±ÅŸ silinemedi	Transaksi Penjualan tidak berhasil dihapus	Venda(s) nÃ£o pode ser excluÃ­do	Prodaju(e) nije moguÄ‡e izbrisati
sales_unsuccessfully_suspended_sale	Ã‰rtÃ©kesitÃ©se sikeresen felfÃ¼ggesztve	Auftrag wurde erfolgreich pendent gehalten	Uw aankoop werd met sucess bewaard	La venta ha sido suspendida satisfactoriamente	Your sale has been unsuccessfully suspended	Vente suspendue	æœ¬éŠ·å”®è³‡æ–™å·²ç¶“æˆåŠŸæš«åœ	Ð’Ð°ÑˆÐ¸ Ð¿Ñ€Ð¾Ð´Ð°Ð¶Ð¸ ÑƒÑÐ¿ÐµÑˆÐ½Ð¾ Ð¿Ñ€Ð¸Ð¾ÑÑ‚Ð°Ð½Ð¾Ð²Ð»ÐµÐ½Ð°	à¸à¸²à¸£à¸‚à¸²à¸¢à¸‚à¸­à¸‡à¸„à¸¸à¸“à¸–à¸¹à¸à¸£à¸°à¸‡à¸±à¸šà¹€à¸£à¸µà¸¢à¸šà¸£à¹‰à¸­à¸¢	SatÄ±ÅŸ askÄ±ya alÄ±ndÄ±	Penjualan anda telah berhasil ditangguhkan	Suspenso com sucesso	NeuspjeÅ¡no brisanje prodaje
sales_unsuccessfully_updated	Ã‰rtÃ©kesitÃ©s sikertelenÃ¼l frissitve	Ã„nderung nicht erfolgreich	Fout bij het bewaren van ticket	Ha fallado la actualizaciÃ³n de la venta	Sale unsuccessfully updated	Ã‰chec d'Ã©dition	éŠ·å”®è³‡æ–™æ›´æ–°å¤±æ•—	ÐŸÑ€Ð¾Ð´Ð°Ð¶Ð° Ð±ÐµÐ·ÑƒÑÐ¿ÐµÑˆÐ½Ð¾ Ð¾Ð±Ð½Ð¾Ð²Ð»ÐµÐ½	à¸­à¸±à¸žà¹€à¸”à¸—à¸à¸²à¸£à¸‚à¸²à¸¢à¹„à¸¡à¹ˆà¸ªà¸¡à¸šà¸¹à¸£à¸“à¹Œ	SatÄ±ÅŸ dÃ¼zenlenemedi	Penjualan tidak berhasil diperbarui	Venda sem sucesso na atualizaÃ§Ã£o	Prodaju(e) nije moguÄ‡e aÅ¾urirati
sales_unsuspend	ÃšjraaktivÃ¡l	Aktivieren	Hervat	Retomar	Unsuspend	DÃ©bloquer	å–æ¶ˆæš«åœéŠ·å”®	Ð Ð°Ð·Ð±Ð»Ð¾ÐºÐ¸Ñ€Ð¾Ð²Ð°Ñ‚ÑŒ	à¸¢à¸à¹€à¸¥à¸´à¸à¸à¸²à¸£à¸£à¸°à¸‡à¸±à¸š	SatÄ±ÅŸa Al	Batal Penangguhan	NÃ£o suspenso	Ponovno ukljuÄeno
sales_unsuspend_and_delete	ÃšjraaktivÃ¡l Ã©s tÃ¶rÃ¶l	Aktivieren und lÃ¶schen		Retomar y Borrar			å–æ¶ˆæš«åœéŠ·å”®ä¸¦åˆªé™¤	Ð Ð°Ð·Ð±Ð»Ð¾ÐºÐ¸Ñ€Ð¾Ð²Ð°Ñ‚ÑŒ Ð¸ ÑƒÐ´Ð°Ð»Ð¸Ñ‚ÑŒ	à¸¢à¸à¹€à¸¥à¸´à¸à¸à¸²à¸£à¸£à¸°à¸‡à¸±à¸š à¹à¸¥à¸° à¸¥à¸š		Batalkan dan hapus penangguhan	Retornar e apagar	UkljuÄeno i obrisano
sales_update	EladÃ¡s szerk.	Ã„ndern	Bewerk	Editar	Update	Ã‰diter	ç·¨è¼¯	Ñ€ÐµÐ´Ð°ÐºÑ‚Ð¸Ñ€Ð¾Ð²Ð°Ñ‚ÑŒ	à¹à¸à¹‰à¹„à¸‚	DÃ¼zenle	Ubah	Editar Venda	AÅ¾uriraj
sales_date_range	DÃ¡tum range	Zeitrahmen	Periode	Rango de Fecha	Date Range	Plage de dates	æ—¥æœŸç¯„åœ	Ñ€Ð°Ð·Ð¼Ð°Ñ… Ñ‡Ð¸ÑÐ»Ð°	à¸£à¸°à¸«à¸§à¹ˆà¸²à¸‡à¸§à¸±à¸™à¸—à¸µà¹ˆ	Tarih AralÄ±ÄŸÄ±	Rentang Tanggal	Intervalo de datas	Period
sales_none_selected	Nem vÃ¡lasztott ki Ã©rtÃ©kesitÃ©st tÃ¶rlÃ©sre	Sie haben keinen Auftrag zum LÃ¶schen ausgewÃ¤hlt	U hebt geen aankopen geselecteerd	No has seleccionado venta para editar	You have not selected any sales to delete	Vous n'avez sÃ©lectionnÃ© aucun Ã©lÃ©ment	æ‚¨é‚„æ²’æœ‰é¸æ“‡ä»»ä½•ç”¢å“é€²è¡Œç·¨è¼¯	Ð’Ñ‹ Ð½Ðµ Ð²Ñ‹Ð±Ñ€Ð°Ð»Ð¸ Ð½Ð¸ Ð¾Ð´Ð½Ð¾Ð¹ Ñ‚Ð¾Ð²Ð°Ñ€Ð¸ Ð´Ð»Ñ Ñ€ÐµÐ´Ð°ÐºÑ‚Ð¸Ñ€Ð¾Ð²Ð°Ð½Ð¸Ñ	à¸à¸£à¸¸à¸“à¸²à¹€à¸¥à¸·à¸­à¸ªà¸´à¸™à¸„à¹‰à¸²à¸—à¸µà¹ˆà¸•à¹‰à¸­à¸‡à¸à¸²à¸£à¹à¸à¹‰à¹„à¸‚	DÃ¼zenlemek iÃ§in Ã¼rÃ¼n seÃ§mediniz	Anda belum memilih item untuk diubah	VocÃª nÃ£o selecionou nenhuma venda para apagar	Niste odabrali nijedu prodaju za brisanje
